preg,plas,pres,skin,insu,mass,pedi,age,class
0,100,88,60,110,46.8,0.962,31,tested_negative
1,0,51.885077,20,5.683183,26.492268,0.155745,21.104762,tested_negative
4.876727,164.532034,82.256263,38.937842,219.176807,38.170315,0.391196,29.272079,tested_positive
0,74,52,10,36,27.8,0.269,22,tested_negative
3.782551,106.403904,76.372799,11.479276,82.268449,22.097493,0.478478,26.37117,tested_negative
2.761495,156.202458,58.053046,0,0,28.134219,0.543106,32.989447,tested_negative
8,137.004478,69.047686,0,0,33.365628,0.189248,40.536288,tested_positive
1.308581,67.699489,76.895081,0,0,34.476835,0.238106,43.152735,tested_negative
0,128,68,19,180,30.5,1.391,25,tested_positive
8.825259,136.467716,70.626513,33.807808,403.141713,39.140429,0.217892,31.189783,tested_negative
0.76073,129.342661,83.535092,0,0,31.2,0.686891,29.410068,tested_negative
6.734958,192.179309,77.554748,37.445182,278.227526,37.136051,0.582817,41.705735,tested_positive
3.888818,114.650233,73.947324,0,0,27.276696,0.287212,46.541723,tested_positive
2.620087,161.419589,88.885073,40.059768,575.335731,39.663122,0.576062,27.15967,tested_negative
6,125,68,30,120,30,0.464,32,tested_negative
6.495315,158.146129,77.049477,0,0,31.467132,0.692599,34.359039,tested_positive
8.103431,143.437999,78.737675,29.938253,126.912715,29.747164,0.268033,49.031714,tested_positive
2.388252,111.915124,72.849676,36.602854,113.264014,32.484194,0.578331,31.837056,tested_positive
2,89,90,30,0,33.5,0.292,42,tested_negative
12.959727,178.387071,62.15284,34.230821,0,41.596613,1.183023,29.347837,tested_positive
4,90,88,47,54,37.7,0.362,29,tested_negative
3.803683,137.234066,77.497439,0,0,28.72809,0.21103,29.7004,tested_negative
3.883267,153.186851,65.266615,32.254314,280.927985,33.476346,0.252562,26.524004,tested_negative
0,117,80,31,53,45.2,0.089,24,tested_negative
0,179,90,27,0,44.1,0.686,23,tested_positive
2.62677,162,56.277053,36.455856,0,45.377626,0.597253,24.932495,tested_positive
2,100,68,25,71,38.5,0.324,26,tested_negative
5,0,80,32,0,41,0.346,37,tested_positive
1.12982,145.539352,0,0,0,36.638868,0.272478,30.57821,tested_positive
3.767185,109.752189,70.88986,0,0,25.852022,0.280018,29.180994,tested_negative
8,182.427564,83.13665,29.57292,287.215369,36.90951,0.563602,57.974837,tested_positive
1.257242,106.242492,62.963173,32.572321,52.058417,24.922901,0.666801,22.462221,tested_positive
2,91,62,0,0,27.3,0.525,22,tested_negative
1,88,30,42,99,55,0.496,26,tested_positive
8,120,86,0,0,28.4,0.259,22,tested_positive
2,120,76,37,105,39.7,0.215,29,tested_negative
3.759604,187,74.797606,22.931843,200.736011,43.059399,0.617591,46.668765,tested_positive
9,164,84,21,0,30.8,0.831,32,tested_positive
5,116,74,29,0,32.3,0.66,35,tested_positive
0,93,60,0,0,35.3,0.263,25,tested_negative
1.128579,91.216304,58.544554,11.447634,0,22.393093,0.419695,21.528384,tested_negative
3.987623,171.229751,75.521128,0,0,36.686861,0.126595,39.379378,tested_positive
4,76,62,0,0,34,0.391,25,tested_negative
0,125,96,0,0,22.5,0.262,21,tested_negative
9,171,110,24,240,45.4,0.721,54,tested_positive
8.264834,150.038926,79.468647,34.386924,164.585033,33.779012,0.496669,26.592745,tested_positive
2,99,70,16,44,20.4,0.235,27,tested_negative
1.757604,138.303488,81.237427,45.65693,180.0237,45.978079,0.389265,35.955777,tested_positive
9.58043,103.145363,72.12449,0,0,30.971843,0.397146,37.788599,tested_positive
4,145.365909,80.164682,6.485639,0,33.892218,0.472472,68.169079,tested_positive
1.857936,125,69.007842,27.785113,118.833931,27.485846,0.355481,29.890143,tested_negative
11.478772,164.471249,72,41.218259,119.822915,35.60387,0.802079,45.823347,tested_positive
8.225434,101.257778,74.526542,35.895554,180.129841,36.938536,0.313485,56.973223,tested_negative
4.026968,171.6281,71.536977,18.250467,168.7101,27.616425,0.554627,46.169561,tested_positive
5,112,66,0,0,37.8,0.261,41,tested_positive
3,103,72,30,152,27.6,0.73,27,tested_negative
4.056997,180.987455,62.659711,31.926286,324.525425,30.941478,0.406662,29,tested_positive
4.108809,165.748108,73.509564,0,0,41.920544,0.779599,28.686346,tested_positive
5,166,72,19,175,25.8,0.587,51,tested_positive
2,122,60,18,106,29.8,0.717,22,tested_negative
8.020901,140.273677,77.410127,30.365332,325.222964,36.515929,0.433136,56.172144,tested_positive
13,129,0,30,0,39.9,0.569,44,tested_positive
4.451388,123.213045,70.016598,18.127656,107.704627,25.98934,0.314332,28.245239,tested_negative
10,94,72,18,0,23.1,0.595,56,tested_negative
3.728154,92.371773,78.814962,14.99905,53.532193,23.340904,0.242065,21.298365,tested_negative
2.814607,80.468698,66,29.292021,0,26.302033,0.325201,40.596261,tested_negative
5,162,104,0,0,37.7,0.151,52,tested_positive
2,84,0,0,0,0,0.304,21,tested_negative
6.079054,132.204816,77.566187,0,0,33.572629,0.315139,43.068816,tested_positive
1.4238,122.167613,82.939069,0,0,33.579511,0.609053,29.043766,tested_negative
3,113,44,13,0,22.4,0.14,22,tested_negative
8,188,78,0,0,47.9,0.137,43,tested_positive
0,107,60,25,0,26.4,0.133,23,tested_negative
3,115,66,39,140,38.1,0.15,28,tested_negative
4,117,64,27,120,33.2,0.23,24,tested_negative
5.69525,145.102972,86.743926,43.42662,142.363017,45.231563,0.560115,26.355573,tested_negative
1,96,122,0,0,22.4,0.207,27,tested_negative
1.787526,94.04561,61.365784,18.136105,119.915868,35.231903,0.39783,23.643237,tested_negative
11,155,76,28,150,33.3,1.353,51,tested_positive
9,165,88,0,0,30.4,0.302,49,tested_positive
0,95,80,45,92,36.5,0.33,26,tested_negative
4.135829,109,63.925931,42.255351,111.343014,35.512042,0.586705,25.727157,tested_positive
6.687468,102.815195,76.977885,0,0,30.458524,0.186044,35.209517,tested_positive
3.071445,151.661898,89.815746,44.64605,0,44.005042,0.352138,29.932281,tested_positive
4.600964,138.507115,79.229868,33.90467,156.98525,34.132722,0.572051,26.243461,tested_positive
5.992353,164.17581,90.644845,0,0,33.831955,0.24451,49.880746,tested_positive
3.635855,147.403854,90.229036,0,0,31.414337,0.732,63.491392,tested_positive
6,183,94,0,0,40.8,1.461,45,tested_negative
0,113,80,16,0,31,0.874,21,tested_negative
0.925368,80.08999,71.520249,31.305275,0,33.839704,0.300428,23.097943,tested_negative
8.151712,145.700896,78.613875,0,0,27.638449,0.355515,57.734428,tested_negative
2.606806,181.31913,69.622706,24.375595,192.232512,34.773483,0.329831,36.519166,tested_positive
2.903425,91.474885,50.61501,28.220911,88.768566,31.990409,0.334787,27.862857,tested_positive
6.792801,137.229961,66.089399,23.013387,660.867937,29.285546,0.552178,56.606992,tested_positive
1,128,82,17,183,27.5,0.115,22,tested_negative
1,81,72,18,40,26.6,0.283,24,tested_negative
8.505815,166.606213,74.234513,0,0,45.138731,0.404441,28.588007,tested_positive
11.334005,103.167768,75.972285,0,0,30.979153,0.40195,37.511068,tested_positive
10,168,74,0,0,38,0.537,34,tested_positive
1,74.348989,67.285082,0,0,21.567032,0.51598,26.627903,tested_negative
2,146,70,38,360,28,0.337,29,tested_positive
7,150,66,42,342,34.7,0.718,42,tested_negative
1,117,60,23,106,33.8,0.466,27,tested_negative
0,178.755316,74.193553,37.788029,0,47.311899,0.828183,25.529481,tested_positive
6.944873,118.223023,82.196757,0,0,38.135408,0.285987,21.614079,tested_positive
5.864074,114.775758,69.325927,0,0,32.432069,0.278107,43.535865,tested_positive
2.610097,179.951905,93.349625,0,0,33.961998,0.511796,23.942127,tested_negative
8,178.576675,65.527979,33.311266,495,30.717566,0.557944,54.886674,tested_positive
7,133,88,15,155,32.4,0.262,37,tested_negative
9.449783,60.72783,71.196092,39.310641,0,36.144832,0.363433,44.770034,tested_positive
2,71,70,27,0,28,0.586,22,tested_negative
2,105,80,45,191,33.7,0.711,29,tested_positive
4.635672,101.562526,69.348724,30.977853,70.702797,38.085708,0.24162,28.539187,tested_negative
5,123,74,40,77,34.1,0.269,28,tested_negative
3,104.955728,73.895024,0,0,28.907231,0.168517,29.941349,tested_negative
1.975358,128.834518,87.483757,0,0,24.198082,0.269927,22.10766,tested_negative
1.464164,95.64848,75.9877,21.50059,171.482415,32.355075,0.700424,42.148057,tested_positive
1.106182,183.611943,65.971116,27.563472,181.027054,35.560165,0.405623,37.823774,tested_positive
3.105207,111.93533,70.656188,25.028544,0,24.680892,0.383987,25.201231,tested_negative
0,167,0,0,0,32.3,0.839,30,tested_positive
0,161.399278,85.153698,45.994141,0,44.708384,0.369486,23.010445,tested_positive
1.260693,118.436731,77.456007,32.142719,0,35.606907,0.174535,21.959154,tested_negative
8,100,74,40,215,39.4,0.661,43,tested_positive
3,193,70,31,0,34.9,0.241,25,tested_positive
5.823547,106.442068,78.478123,0,0,37.133244,0.539374,30.328162,tested_negative
1,89,24,19,25,27.8,0.559,21,tested_negative
8,186.674068,70.48003,0,0,24.426756,1.088493,32.38068,tested_positive
0.641923,187.062977,89.58448,28.279759,0,34.605266,0.697782,42.566563,tested_positive
1,115.607428,75.161187,31.628942,174.044328,43.664289,0.51984,25.107979,tested_negative
3.062225,109.252732,77.751391,0,0,33.776225,0.396099,56.596452,tested_positive
10,139,80,0,0,27.1,1.441,57,tested_negative
5.904904,188.952788,82.026774,39.79367,0,41.876211,0.659676,29.465596,tested_positive
1.936799,119.328928,85.960852,33.65319,207.262997,37.436674,0.844517,29.819058,tested_positive
12.511052,126.643344,70,28.991905,121.471719,35.436594,0.303762,44.794081,tested_positive
0.641002,142.60508,83.75117,26.075447,0,39.67945,0.451148,26.159696,tested_negative
6.438088,108.652441,78.575446,28.86844,0,35.650082,0.657988,48.171708,tested_positive
1,193,50,16,375,25.9,0.655,24,tested_negative
0,57,60,0,0,21.7,0.735,67,tested_negative
8.702881,116.451585,76.953604,30.969729,0,29.770427,0.26503,29.862567,tested_positive
4,96,56,17,49,20.8,0.34,26,tested_negative
7.06185,106.243567,75.574479,0,0,30.790889,0.314114,33.25808,tested_positive
3,89,74,16,85,30.4,0.551,38,tested_negative
3.353293,93.636608,59.576393,25.389737,62.211678,28.399326,0.282845,22.178151,tested_negative
4,156,75,0,0,48.3,0.238,32,tested_positive
2.670624,145.137712,74.848012,18.695167,83.044132,28.13933,0.332366,33.476854,tested_positive
4.588271,84.221516,72,32.998599,0,37.231004,0.314584,27.823569,tested_negative
1.741553,110.032852,65.440705,0,0,26.502732,0.601709,30.325062,tested_negative
0,107,62,30,74,36.6,0.757,25,tested_positive
0,179.71173,66.674921,34.91588,507.114378,41.195094,0.612659,24.45639,tested_positive
7.255056,133.227325,54.780642,0,0,33.082815,0.569548,25.747468,tested_positive
2,100,70,52,57,40.5,0.677,25,tested_negative
6,114,88,0,0,27.8,0.247,66,tested_negative
7,114,66,0,0,32.8,0.258,42,tested_positive
10,129,76,28,122,35.9,0.28,39,tested_negative
8.458473,170.923954,85.715585,0,0,37.678156,0.326684,46.386691,tested_positive
1,117,88,24,145,34.5,0.403,40,tested_positive
3,181.193102,66.943274,22,196.56565,33.553192,0.431095,36,tested_positive
6,148,72,35,0,33.6,0.627,50,tested_positive
1,125,50,40,167,33.3,0.962,28,tested_positive
4.842752,113.099279,79.994597,39.668491,215.692452,41.277618,0.800698,38.60039,tested_positive
8,107,80,0,0,24.6,0.856,34,tested_negative
0.385436,77.503553,85.60254,38.32566,44.035558,33.442681,0.43365,21,tested_negative
2,127,46,21,335,34.4,0.176,22,tested_negative
7.443341,125.589874,83.246067,44.698164,150.19277,39.913115,0.903372,33.570427,tested_positive
1,116,70,28,0,27.4,0.204,21,tested_negative
7,160,54,32,175,30.5,0.588,39,tested_positive
6.009549,182.860832,69.883539,0,0,29.192813,0.486415,31.400443,tested_positive
5,147,75,0,0,29.9,0.434,28,tested_negative
1.985184,91.721942,66.264261,0.780167,0,24.720158,0.977633,33.415442,tested_negative
3.499209,110.269011,72.640367,24.05406,0,17.665143,0.56842,25.884438,tested_negative
3.575903,126.39216,65.733292,0,0,33.446406,0.26664,24,tested_negative
7.718779,182.485729,66.752997,0,0,25.656048,0.578477,31.990735,tested_positive
3,158,64,13,387,31.2,0.295,24,tested_negative
0,161,50,0,0,21.9,0.254,65,tested_negative
1,97,66,15,140,23.2,0.487,22,tested_negative
3,106,54,21,158,30.9,0.292,24,tested_negative
8.402348,117.006947,0,0,0,26.159874,0.179766,35.873341,tested_negative
7.567329,140.234433,89.821174,0,0,30.582061,0.576282,46.220221,tested_positive
2,158,90,0,0,31.6,0.805,66,tested_positive
9.968875,127.454261,72.311011,29.320732,121.171838,31.08974,0.42877,35.524233,tested_negative
2.63435,157.569047,72.805545,17.017174,98.18418,28.07517,0.370749,27.26833,tested_positive
0,101.221272,60.968415,0,0,24.882102,0.273007,22.647506,tested_negative
8,125,96,0,0,0,0.232,54,tested_positive
2,121,70,32,95,39.1,0.886,23,tested_negative
2.733641,145.858913,74.281812,0,0,38.081591,0.63734,24.963469,tested_positive
5.131234,145.149926,78.678093,34.023947,165.067578,32.866219,0.590252,30.193177,tested_positive
1,0,74,20,23,27.7,0.299,21,tested_negative
0.141966,130.947712,60.718287,32.587527,158.536695,35.002787,0.664863,28.785332,tested_positive
2.411497,176.67653,58.066204,24.026396,184.778528,33.166253,0.469575,36.944266,tested_positive
2.395908,125.244362,80.242695,0,0,42.313252,0.715422,33.265609,tested_positive
5,158,70,0,0,29.8,0.207,63,tested_negative
1.235318,125.779901,56.873942,25.750455,142.122233,30.665256,0.312692,22.558565,tested_negative
10.93449,159.477196,72.274319,27.281474,136.888151,29.052204,0.54818,48.250327,tested_positive
4.152014,108.956672,75.313826,0,0,24.831364,0.399083,53.954216,tested_negative
11,127,106,0,0,39,0.19,51,tested_negative
1,88,62,24,44,29.9,0.422,23,tested_negative
1.125403,101.634326,63.84837,39.792124,102.047159,42.810566,0.245032,22.947426,tested_negative
1.193562,139.831823,66.746254,25.365924,130,36.921791,0.519972,28.900481,tested_positive
0,153.14673,80.084516,41.602599,266.848562,45.239562,0.261307,26.902529,tested_negative
8,186,90,35,225,34.5,0.423,37,tested_positive
1,126,60,0,0,30.1,0.349,47,tested_positive
0,104,76,0,0,18.4,0.582,27,tested_negative
0.212008,128.951704,65.003836,39.935825,0,33.673447,0.248161,21.70833,tested_positive
1.163103,106,75.233103,0,0,36.751876,0.204392,26.124107,tested_negative
1,93,56,11,0,22.5,0.417,22,tested_negative
6,125,76,0,0,33.8,0.121,54,tested_positive
5,139,80,35,160,31.6,0.361,25,tested_positive
6.162893,115.299125,62.347225,0.980345,0,27.869695,0.472143,30.295526,tested_positive
4.755847,142.733009,74.352354,0,0,28.891653,0.285924,31.388991,tested_negative
6.235051,137.008893,74.279418,46.892687,237.591174,38.261197,0.896027,42.032426,tested_positive
1,107,50,19,0,28.3,0.181,29,tested_negative
5.674366,145.747453,75.369768,33.48438,277.552142,34.372084,0.467785,51.418133,tested_positive
6.764049,189.800872,75.486786,0,0,34.515818,0.179416,35.459776,tested_positive
10.423985,152.156801,81.19159,30.99523,160.556677,32.529184,1.304997,52.631491,tested_positive
2,93,64,32,160,38,0.674,23,tested_positive
1,94.565161,66.257075,21.635741,0,27.707133,0.90543,21.824677,tested_negative
5.593856,114.545826,62.699694,0,0,32.734962,0.237376,40.486484,tested_positive
12,92,62,7,258,27.6,0.926,44,tested_positive
3.557275,124.050249,62.231011,40.406277,477.980879,39.490188,0.514421,24.69922,tested_negative
4.728486,106.043054,70.436388,40.797357,93.580177,35.648222,0.896677,26.852732,tested_positive
0,135,68,42,250,42.3,0.365,24,tested_positive
5.545735,167.795666,73.530898,33.70254,216.65528,35.960359,0.453835,32.098157,tested_positive
8.646242,84.394678,77.393859,40,50.755173,37.510728,0.365843,47.786049,tested_negative
5,124,74,0,0,34,0.22,38,tested_positive
1,89.063992,64,18.545316,88.620381,18.564101,0.34851,21.692521,tested_negative
1,95,82,25,180,35,0.233,43,tested_positive
7,168,88,42,321,38.2,0.787,40,tested_positive
3.827647,193.976181,68.890299,44.245524,512.608086,31.868418,0.385547,50.808325,tested_positive
1,82,64,13,95,21.2,0.415,23,tested_negative
4.142825,75.182101,48.909814,7.363362,0,27.740981,0.439405,23.366672,tested_negative
0,126.116667,67.534389,20.778712,172.245112,33.827185,1.301533,30.13182,tested_positive
4,95,70,32,0,32.1,0.612,24,tested_negative
1.947484,83.497918,74,17.240807,59.743289,29.156803,0.329016,22,tested_negative
0,123,72,0,0,36.3,0.258,52,tested_positive
6.949323,152.184981,68,24.766615,130.537761,27.385982,0.346825,43.462061,tested_positive
2.258125,171.535684,88.585859,19.399177,122.916054,31.976581,0.281166,34.443454,tested_positive
3.068716,137.046615,83.224192,44.766594,158.601875,34.746503,0.70305,30.745674,tested_positive
2.265905,146.238465,74.103558,17.963073,94.379408,28.297296,0.376433,31.659071,tested_positive
2.325556,191.542785,77.226672,37.123942,252.428254,36.735756,0.721151,29.849982,tested_positive
2,92,52,0,0,30.1,0.141,22,tested_negative
2,119,0,0,0,19.6,0.832,72,tested_negative
1.496135,126.564301,79.893236,39.354307,0,33.916037,0.241122,28.696664,tested_positive
0.863469,94.813565,59.961866,19.645875,86.819965,28.468736,0.300108,22.102136,tested_negative
1,109,58,18,116,28.5,0.219,22,tested_negative
4.06661,110.39016,67.185147,0,0,24.136452,0.427116,32.762989,tested_negative
5,97,76,27,0,35.6,0.378,52,tested_positive
7.868153,125.5343,95.25088,0,0,22.812433,0.253543,56.260085,tested_positive
0,137,84,27,0,27.3,0.231,59,tested_negative
5,104,74,0,0,28.8,0.153,48,tested_negative
3,141,0,0,0,30,0.761,27,tested_positive
5,88,78,30,0,27.6,0.258,37,tested_negative
1.408623,79.772378,0,0,0,13.996847,0.321831,23.57685,tested_negative
9.07588,111.51217,75.31,24.467602,0,27.667458,0.164836,47.382067,tested_positive
5,99,54,28,83,34,0.499,30,tested_negative
8.055959,114.831172,67.573972,0,0,32.124706,0.291156,44.829621,tested_positive
4.349116,188.717171,66.610246,32.985755,0,38.116292,1.44657,35.50516,tested_positive
7.910151,184.417092,78.597973,0,0,45.212551,0.197946,41.133131,tested_positive
0.835585,97.295437,66.117455,30.443776,205.848472,39.771727,0.381231,30.553846,tested_negative
6,100.921025,70.787915,32.773466,190,37.265747,0.425784,47.196199,tested_negative
10,122,78,31,0,27.6,0.512,45,tested_negative
4,142,86,0,0,44,0.645,22,tested_positive
4.216565,99,72.202546,22.898686,0,26.771695,0.205995,29.446477,tested_negative
7,187,68,39,304,37.7,0.254,41,tested_positive
0,104,64,23,116,27.8,0.454,23,tested_negative
5.792791,132.248455,75.707391,0,0,33.179653,0.372336,41.748032,tested_positive
0.912579,114.592314,66,35.798898,191.828579,33.840729,0.457738,21.858548,tested_negative
1,97,64,19,82,18.2,0.299,21,tested_negative
0.42999,186.465259,67.280598,40.681882,288.146795,40.11459,0.962772,22.698513,tested_positive
0.804717,104.851252,82.349269,57.704668,130.636302,42.889719,0.261898,30.160916,tested_negative
6.28863,159.942214,63.348242,0,0,26.972154,0.135412,44.930046,tested_positive
8.230281,150.755906,69.02219,41.483053,252.618048,42.075653,0.482319,27.349259,tested_positive
9.006748,163.349072,69.920383,32.07446,130.629188,31.877711,0.370972,41.970952,tested_positive
1.234976,124.351952,72.253895,0,0,34.229081,0.241404,53.620393,tested_positive
6,104,74,18,156,29.9,0.722,41,tested_positive
0,93,60,25,92,28.7,0.532,22,tested_negative
0.966558,105.578045,64,32.564227,117.421624,28.301401,0.974524,32.735926,tested_negative
1.310084,145.498153,74.654485,0,0,29.10518,0.36795,29,tested_negative
3,74,68,28,45,29.7,0.293,23,tested_negative
8.563512,181.133741,91.475255,0,0,35.354081,0.652432,53.489167,tested_negative
1,82.028718,63.823313,14.403366,40.54262,26.809648,0.446004,24,tested_negative
4,99,76,15,51,23.2,0.223,21,tested_negative
1.779011,133.026238,87.769188,39.529097,108.452541,35.487337,0.660538,35.763988,tested_positive
1.884302,73.189322,49.321,22.180445,76,26.067908,0.402773,21.928116,tested_negative
12,140,85,33,0,37.4,0.244,41,tested_negative
2,85.411327,71.536822,22.717989,50.17481,31.866846,0.358276,22,tested_negative
2,87,0,23,0,28.9,0.773,25,tested_negative
4.943893,72.52669,61.656389,2.999086,8.621244,23.059264,0.267754,25.694259,tested_negative
2,90,70,17,0,27.3,0.085,22,tested_negative
1,101,50,15,36,24.2,0.526,26,tested_negative
3.13906,158.674722,50.659695,32.03035,337.168244,35.206332,0.554949,34.30907,tested_positive
3,169,74,19,125,29.9,0.268,31,tested_positive
7,172.868661,82.106578,41.423429,319.635351,37.795839,0.593332,40.229817,tested_positive
0.061234,142.741985,0,0,0,33.633763,0.645886,29.58382,tested_positive
7,134.883129,88.780789,0,0,31.004231,0.220828,40.680792,tested_negative
12,106,80,0,0,23.6,0.137,44,tested_negative
2,108,64,0,0,30.8,0.158,21,tested_negative
4.915198,188.281631,78.064762,35.133785,232.470296,36.159716,0.621575,33.194005,tested_positive
1,89,76,34,37,31.2,0.192,23,tested_negative
4.009424,169.473906,75.610857,0,0,44.745908,0.438568,26.154255,tested_positive
1,124.487961,55.786018,36.679899,157.50575,34.508934,0.695028,29.478998,tested_positive
5,137,108,0,0,48.8,0.227,37,tested_positive
8,179,72,42,130,32.7,0.719,36,tested_positive
0.833602,98.586427,81.701822,16.369865,83.441551,26.330482,0.687167,27.494702,tested_negative
7.989962,184,84.088385,28.502349,0,30.023746,0.575366,48.661171,tested_positive
1.974548,106.891109,86.424802,37.52601,114.129348,38.63515,0.43905,31.78288,tested_positive
7.258823,146.769243,74.982719,0,0,36.78151,0.249142,41.936157,tested_positive
0,101,65,28,0,24.6,0.237,22,tested_negative
4.177943,166.430707,100.149575,13.662483,0,27.94689,0.208671,43.927918,tested_negative
7,161,86,0,0,30.4,0.165,47,tested_positive
1,86.254244,66.868615,47.805778,70.440652,39.055448,0.763921,26.588412,tested_negative
2.675534,128.345578,55.783687,0,0,24.612512,0.333691,26.41802,tested_negative
2,122,52,43,158,36.2,0.816,28,tested_negative
10,115,98,0,0,24,1.022,34,tested_negative
0.744366,118.521957,72.275867,30.055461,59.230237,30.377381,0.255194,21.508168,tested_negative
3,111,58,31,44,29.5,0.43,22,tested_negative
10,162,84,0,0,27.7,0.182,54,tested_negative
0.976399,144.672858,78.5996,0,0,40.741735,0.558459,26.788548,tested_positive
1,84,64,23,115,36.9,0.471,28,tested_negative
1,119,86,39,220,45.6,0.808,29,tested_positive
2,114,68,22,0,28.7,0.092,25,tested_negative
9,89,62,0,0,22.5,0.142,33,tested_negative
2,128,64,42,0,40,1.101,24,tested_negative
9,106,52,0,0,31.2,0.38,42,tested_negative
2,87.309478,52.490255,22.799286,86.605487,30.392766,0.890523,21.463771,tested_negative
2,100,64,23,0,29.7,0.368,21,tested_negative
5,114,74,0,0,24.9,0.744,57,tested_negative
2.41278,107.765143,61.00521,24.945095,0,26.154928,0.222767,23.747232,tested_negative
13,106,72,54,0,36.6,0.178,45,tested_negative
10,101,76,48,180,32.9,0.171,63,tested_negative
5.022038,139.133568,0,0,0,47.921204,0.397874,37.64615,tested_positive
1,173,74,0,0,36.8,0.088,38,tested_positive
1,124,60,32,0,35.8,0.514,21,tested_negative
4.182311,176.921341,76.778363,0,0,34.182898,0.254618,24.999598,tested_negative
1,102,74,0,0,39.5,0.293,42,tested_positive
1,108.807917,69.507536,26.161215,135,30.427415,0.200986,22.390741,tested_negative
0,140,65,26,130,42.6,0.431,24,tested_positive
5,109,62,41,129,35.8,0.514,25,tested_positive
1,146,56,0,0,29.7,0.564,29,tested_negative
13.662827,171.949143,59.023651,37.447172,0,36.049478,0.34132,28.698075,tested_positive
6,119,50,22,176,27.1,1.318,33,tested_positive
8,65,72,23,0,32,0.6,42,tested_negative
1.577762,120.595868,79.806732,39.030779,200,37.980149,0.693438,28.472722,tested_negative
3.885945,82.097996,82.451489,43.486008,54.305729,38.450895,0.788715,29.817204,tested_negative
4,145.921007,87.953724,2.759376,0,32.249226,0.366794,62.732221,tested_positive
2,92,76,20,0,24.2,1.698,28,tested_negative
3.362291,193.197391,69.677288,29.936399,0,35.663034,0.73039,32.102323,tested_positive
4.091382,89.754663,70.940028,23.371963,81.255177,30.658949,0.601597,39.169109,tested_negative
5.261174,111.000415,66.359766,34.358641,0,34.969149,0.177539,23.897775,tested_negative
5.082665,117,95.59541,0,0,32.434184,0.24757,32.108169,tested_negative
4.888685,151.72993,73.620669,36.527808,351.951655,41.825862,0.254293,42.259072,tested_positive
0.241857,175.301862,0,0,0,34.661054,0.795412,40.004392,tested_positive
7,170.327343,84.158911,41.562085,310.05231,38.092336,0.63499,40.923905,tested_positive
8.06327,156.303224,86,0,0,26.818588,0.206656,52.359212,tested_positive
5.623928,95.696413,78.020075,25,183.422549,35.225689,0.250882,44.730605,tested_positive
2.09224,89.049864,69.606737,0,0,40.120069,0.883782,26.551704,tested_negative
0,127,80,37,210,36.3,0.804,23,tested_negative
1.551544,128.810127,84.997781,48.058344,140.831407,39.97495,0.206913,24.522444,tested_negative
0,106,70,37,148,39.4,0.605,22,tested_negative
2.787638,100.598148,42.453016,43.946825,99,45.008407,0.883134,26,tested_positive
7.959481,112.573824,65.862043,0,0,28.758327,0.761205,33.586592,tested_positive
9,164,78,0,0,32.8,0.148,45,tested_positive
8,109,76,39,114,27.9,0.64,31,tested_positive
5,73.925489,56.818727,0,0,32.631847,0.277063,26.668427,tested_negative
1,100,66,15,56,23.6,0.666,26,tested_negative
5.91499,163.647804,105.337338,42.068134,228.580885,38.921477,0.231642,41.705331,tested_positive
7.358985,179.360243,79.777005,38.669033,301.059878,34.510699,0.270077,44.875086,tested_positive
7.974736,99.00756,80.671981,0,0,33.985477,0.203887,48.164747,tested_negative
0,109,88,30,0,32.5,0.855,38,tested_positive
1,143,74,22,61,26.2,0.256,21,tested_negative
2.395306,105.637615,54.479411,19.436584,159.550633,32.582836,0.320982,22.287185,tested_negative
1,95.420462,64.200267,16.185667,56.975334,23.755136,0.404168,23.967519,tested_negative
1,87.432856,77.177622,29.148485,76.300357,37.079607,0.381832,25.233481,tested_negative
3,111,56,39,0,30.1,0.557,30,tested_negative
3,170.177012,72.069897,25.472298,130.794438,29.913129,0.213403,25.129971,tested_positive
1.546928,136.025221,0,0,0,40.720866,0.226465,25.223706,tested_positive
2.046004,111.764236,71.056436,21.296124,97.192504,31.883921,0.215592,26.284254,tested_negative
1.066757,105.477998,75.766463,0,0,34.57138,0.271763,45.246947,tested_positive
1,117.527515,50.904551,13.142559,40.592364,23.019103,0.210646,24.289101,tested_negative
7.688088,106.93292,84.442394,31.55393,0,44.718383,1.130347,42.407776,tested_positive
1.611452,128,72.534867,21.829722,181.586412,35.357714,1.236693,26.259535,tested_positive
3.053924,113.52618,78.866229,41.142028,227.59313,39.654493,0.652679,33.761344,tested_positive
3,96,56,34,115,24.7,0.944,39,tested_negative
13,158,114,0,0,42.3,0.257,44,tested_positive
0,119,64,18,92,34.9,0.725,23,tested_negative
5.132978,0,69.754253,38.209071,0,39.788039,0.445614,37.388731,tested_positive
1,120.682334,94.193231,26.205657,140.404945,33.352005,0.321583,42.068099,tested_positive
6,191.210851,87.20521,0,0,30.910826,0.261769,62.399246,tested_positive
3.607145,122.878303,76.694977,39.004947,76.610733,38.003276,0.267469,28,tested_negative
8,85,55,20,0,24.4,0.136,42,tested_negative
1,111,86,19,0,30.1,0.143,23,tested_negative
5,143,78,0,0,45,0.19,47,tested_negative
4.068557,113.750248,76.484844,43.626944,229.168289,42.628611,0.572563,31.538275,tested_positive
3,173,78,39,185,33.8,0.97,31,tested_positive
1.521685,154.969906,80.792006,41.525995,465.352714,39.669815,0.561192,26.729291,tested_negative
5.556928,124,72.548785,0,0,29.50847,0.305972,34.324586,tested_positive
3.688732,120.183725,79.515931,34.25042,152.843964,38.591561,0.746692,36.404012,tested_positive
8.774103,110.560913,66,0,0,32.77296,0.269706,42,tested_positive
5.901603,121.236933,76,0,0,31.337855,0.136579,48.758387,tested_positive
1.193088,99.328156,65.031642,24.805344,86.314022,32.61833,0.560414,27.11692,tested_negative
2.11408,119.902276,58.315616,29.505705,162.839311,31.930416,1.220844,31.434055,tested_positive
1.355712,97.203354,72.994156,36.048296,90.700087,38.958124,0.597719,23.158709,tested_positive
4.440282,158.069837,72.044616,0,0,31.921457,0.443953,32.46337,tested_positive
0,103.036265,65.878526,17.433596,0,20.760992,0.236239,21.163593,tested_negative
6.245239,147,79.615876,0,0,35.669128,0.213627,46.809067,tested_positive
0.046358,145.376482,0,0,0,31.694081,0.508716,30.659917,tested_positive
3.740457,125.907968,87.55974,37.327703,150.584185,39.339547,0.807159,44.118608,tested_positive
3.614322,99.549943,85.763657,48.149303,56.814666,39.69588,0.560861,27.246671,tested_negative
4,158,78,0,0,32.9,0.803,31,tested_positive
9,154,78,30,100,30.9,0.164,45,tested_negative
2,99.395094,57.294117,26.614471,114.855991,35.676853,0.483585,22.542843,tested_negative
2.160021,128.160482,0,0,0,39.209504,0.330065,30.674966,tested_positive
3.218144,154.93829,65.718191,28.639152,320.812132,31.497514,0.23399,33.627373,tested_positive
2,105,58,40,94,34.9,0.225,25,tested_negative
0.195607,173.651882,76.225094,51.073594,115.163531,51.029958,0.664233,24.265158,tested_positive
6.20992,95.941064,79.527635,25,181.223361,35.95888,0.380352,43.953327,tested_positive
1,131,64,14,415,23.7,0.389,21,tested_negative
6.203305,175.060313,81.477083,25.905641,186.202804,35.64641,0.783795,36.89698,tested_positive
4.342718,142.184673,74.154593,0,0,29.019985,0.295364,28.793208,tested_negative
7.380996,186.081042,70.296054,36.487427,138.934513,32.6818,0.252141,51.681957,tested_positive
4,99,68,38,0,32.8,0.145,33,tested_negative
0,131,66,40,0,34.3,0.196,22,tested_positive
5,73,60,0,0,26.8,0.268,27,tested_negative
3.295642,107.147219,62.628729,42.816202,79.436561,34.809412,0.842452,25.072271,tested_positive
1.085126,137.330354,46.006876,17.299224,355.627757,32.707652,0.197564,23.798285,tested_negative
0,146,70,0,0,37.9,0.334,28,tested_positive
1,88,78,29,76,32,0.365,29,tested_negative
0,105,64,41,142,41.5,0.173,22,tested_negative
5.81269,117.733603,67.896301,29.004668,120,32.900775,0.366127,26.264512,tested_negative
3.272977,108.837185,41.328318,18.702147,125.82926,23.807143,0.740115,28.434729,tested_negative
6.965196,158.826085,86.413454,0,0,30.408806,0.325057,51.025915,tested_positive
4,123,62,0,0,32,0.226,35,tested_positive
0,102,86,17,105,29.3,0.695,27,tested_negative
5,85,74,22,0,29,1.224,32,tested_positive
1.688547,100.438381,69.098137,30.543999,73.340395,36.123723,1.061294,26.666123,tested_positive
2.571045,107.000532,74.225471,0,0,44.833325,0.895743,24.881885,tested_negative
7.273223,106.837047,79.191703,0,0,30.653373,0.895184,33.75673,tested_positive
6.302849,113.143211,78,31.894024,0,30.415003,0.413528,38.696942,tested_negative
1.102369,167.786388,74,18.587602,126.486548,25.668887,0.358135,31.166665,tested_positive
4,147,74,25,293,34.9,0.385,30,tested_negative
3.268818,122.338796,74.226822,39.408577,76.053966,34.140551,0.263023,28,tested_negative
7,106,92,18,0,22.7,0.235,48,tested_negative
6.396011,162.201973,65.230397,0,0,31.221146,0.229114,38.548978,tested_positive
3,91.295347,70.534986,22.623334,81.555656,30.921891,0.793995,37.622058,tested_negative
3,61,82,28,0,34.4,0.243,46,tested_negative
6.172707,151.174995,85.161692,32.866269,297.794387,32.789773,0.601062,42.127329,tested_positive
1.823207,96.137146,67.47184,18.765841,81.610317,19.970084,0.544769,21,tested_negative
8,151,78,32,210,42.9,0.516,36,tested_positive
1,120,80,48,200,38.9,1.162,41,tested_negative
1,123.789722,58.552765,39.109816,160.453619,34.595968,0.744289,28.375478,tested_positive
1,86,66,52,65,41.3,0.917,29,tested_negative
2,68,70,32,66,25,0.187,25,tested_negative
1,79,80,25,37,25.4,0.583,22,tested_negative
11,136.039969,92.9482,34.202154,144.345846,32.396156,0.2541,49.032165,tested_positive
10,179,70,0,0,35.1,0.2,37,tested_negative
1,114,66,36,200,38.1,0.289,21,tested_negative
0.212966,116.928587,67.437781,29.385981,182.053827,35.255051,0.494763,24.16665,tested_negative
9,164.299543,84.140668,0,0,31.500386,0.149358,46.656187,tested_positive
7.287149,126.395182,73.711111,32.593517,63.588271,26.754321,0.276273,69.174486,tested_negative
4.776841,105.85028,62.723076,33.222416,121.951813,30.554709,0.126224,40.673841,tested_negative
1.911994,110.054328,92.614499,0,0,33.574214,0.748598,53.189082,tested_negative
2.850016,161.478515,74,18.27353,112.192831,27.903299,0.411235,30.601658,tested_positive
4,118,70,0,0,44.5,0.904,26,tested_negative
8,126,88,36,108,38.5,0.349,49,tested_negative
8,108,70,0,0,30.5,0.955,33,tested_positive
4.637363,162.588944,77.740422,27.242727,155.386977,33.3,1.246111,51.971668,tested_positive
1.253605,113.453601,49.024637,36.394349,51.18228,35.117514,0.33345,22.548947,tested_negative
9,145,88,34,165,30.3,0.771,53,tested_positive
3.352174,131.913015,61.14265,24.171512,277.636843,31.521359,1.143357,23.103849,tested_negative
2.147838,185.654449,63.439598,23.670572,645.149964,29.243814,0.626763,53.26975,tested_positive
11.761232,104.399351,73.724251,0,0,29.664976,0.379568,33.992108,tested_positive
14.176002,165.154354,76.580067,35.472614,109.898464,38.057999,0.704213,36.504524,tested_positive
4,144,82,32,0,38.5,0.554,37,tested_positive
2,111,60,0,0,26.2,0.343,23,tested_negative
0,104,64,37,64,33.6,0.51,22,tested_positive
3.49439,96.527815,0,0,0,23.574468,0.189585,27.69781,tested_negative
0,163.379252,79.135678,33.621969,269.272999,43.478695,1.083031,53.316803,tested_negative
3,96,78,39,0,37.3,0.238,40,tested_negative
9.649854,145.613773,81.029335,42.517953,337.983707,34.806787,0.510223,54.009074,tested_positive
4.922183,189.627576,83.759075,31.89233,0,35.025875,0.354414,30.318787,tested_positive
2,112,75,32,0,35.7,0.148,21,tested_negative
5.799325,96.16732,56.439527,18.867054,53.664326,20.8277,0.462956,28.100876,tested_negative
3.548178,175.854638,81.069362,0,0,38.677083,0.234612,39.722083,tested_positive
2.465135,165.370052,72.648357,0,0,38.558182,0.568826,33.799047,tested_positive
6,93,50,30,64,28.7,0.356,23,tested_negative
5,117,86,30,105,39.1,0.251,42,tested_negative
2.527373,160.820464,71.536398,17.004691,100.388038,28.773609,0.378514,27.778884,tested_positive
0.952167,85.225368,62.052827,19.598106,65.52789,32.439547,0.707333,21.994245,tested_negative
2.390501,80.949294,84.96794,13.980069,63.595521,28.469851,0.472624,22,tested_negative
8.049515,163.363364,75.569425,31.829571,0,34.936915,0.430447,44.32679,tested_positive
1.774355,96.049949,57.413665,15.976153,55.013405,21.70353,0.340477,26,tested_negative
1.930446,151.522437,78.430626,48.439795,123.668401,39.162141,0.673537,28.082991,tested_positive
2.370663,100.892195,54.080335,26.432547,88.318842,22.54912,0.154472,22.670732,tested_negative
8.488475,117.733043,60.10755,36.002523,0,39.489306,0.299782,38.447025,tested_positive
0.86241,120.502846,85.717295,49.645089,228.566279,49.042097,0.36843,31,tested_positive
2.819432,100.416449,58.35638,18.747878,159.583529,33.293179,0.331376,23.862603,tested_negative
11.103763,87.090044,71.88315,37.95655,0,31.425926,0.472972,40.019093,tested_positive
0.389941,175.046954,57.686541,38.447309,0,38.203732,1.301581,24.512142,tested_positive
0.230367,104.013967,63.391734,14.803169,59.601017,31.642083,0.64507,22.447822,tested_positive
2,94,76,18,66,31.6,0.649,23,tested_negative
13.039262,104.444867,78.086554,43.549354,188.772679,34.729271,0.462609,37.39717,tested_positive
11,135,0,0,0,52.3,0.578,40,tested_positive
2,155,74,17,96,26.6,0.433,27,tested_positive
1.86001,108.622539,78.598469,0,0,28.92623,0.437881,51.839552,tested_positive
8.582662,92.100893,68.695285,0,0,24.945057,0.37036,57.315744,tested_negative
0,99.630516,86.234824,27.434991,21.92021,35.699511,0.65937,35.090515,tested_positive
9,119,80,35,0,29,0.263,29,tested_positive
5,93.758954,75.036594,28.034262,0,27.658885,0.207857,32.10645,tested_negative
4.376095,160.37048,77.015673,0,0,33.942806,0.421973,28.302828,tested_positive
2.084412,96.315791,73.417702,16.573294,69.406877,31.337776,0.873176,36.342186,tested_negative
1,110.32596,61.17718,11.265675,182,24.762113,0.575535,21.16155,tested_negative
2.345525,148.432569,75.248622,0,0,21.046085,0.189942,33.895043,tested_negative
8.6911,165.580027,72,41.520287,123.14501,34.065613,0.745564,43.564995,tested_positive
11,137.351156,77.240164,28.079662,133.836757,28.401778,0.354093,48.393194,tested_positive
0.42368,148.298283,67.686839,26.823616,129.807707,30.337963,0.408483,29.628361,tested_positive
7.954589,196.785109,88.076059,0,0,33.210343,1.152722,39.553113,tested_positive
3,82,70,0,0,21.1,0.389,25,tested_negative
4,90,0,0,0,28,0.61,31,tested_negative
8,194,80,0,0,26.1,0.551,67,tested_negative
9,157.466078,82.502614,0,0,28.303609,0.176568,45.167832,tested_positive
4,99,72,17,0,25.6,0.294,28,tested_negative
3.736653,91.770247,76.355172,31.801607,73.434671,39.548995,1.25038,29.848245,tested_positive
8.331497,93.978726,71.472979,0,0,29.151243,0.264144,57.362718,tested_negative
7.32292,80.807479,63.272921,29.958328,0,25.543471,0.2515,41.423703,tested_negative
3.920184,181,64.670237,24.680494,188.719783,35.529955,0.557105,46.101138,tested_positive
9,112,82,24,0,28.2,1.282,50,tested_positive
10.228729,155.716916,88.995275,26.195466,23.211491,28.611504,0.774937,41.435483,tested_positive
7.347442,104.112685,72.587036,0,0,30.606059,0.402652,31.13322,tested_positive
2,139,75,0,0,25.6,0.167,29,tested_negative
1,97,70,15,0,18.2,0.147,21,tested_negative
3.241765,178.761035,67.622117,34.34432,484.683644,30.492195,0.810585,36.07086,tested_positive
0,182.804006,101.23748,26.554789,0,37.961274,0.577112,30.48254,tested_positive
1,103,30,38,83,43.3,0.183,33,tested_negative
2,97.447542,68.36275,13.680311,46.607304,21.043535,0.424748,26.575657,tested_negative
6.770246,186.292643,82.012208,0,0,35.725964,0.181362,50.548674,tested_positive
0,138,0,0,0,36.3,0.933,25,tested_positive
5.87801,167.003984,78,34.172049,178.918204,33.953354,0.958855,32.060856,tested_positive
5,115,76,0,0,31.2,0.343,44,tested_positive
3.616281,99,54,27.597898,84.985322,33.657709,0.190151,28.411235,tested_negative
8.085668,146.415739,86.464269,38.187292,312.020916,35.283645,0.493267,58,tested_positive
4,141,74,0,0,27.6,0.244,40,tested_negative
0,102,52,0,0,25.1,0.078,21,tested_negative
3.214731,145.305199,88.854245,39.08753,0,40.911673,0.459882,36.70647,tested_positive
4.921883,147.200483,84.178179,29.423212,100,29.888408,0.17657,43.928707,tested_negative
8,91,82,0,0,35.6,0.587,68,tested_negative
2.329362,121.887185,54.054414,0,0,28.656634,0.158448,25.559965,tested_negative
4,146,85,27,100,28.9,0.189,27,tested_negative
0,141.352207,0,0,0,40.849469,0.721918,29.660391,tested_positive
2.386063,124.976624,60.818299,0,0,30.720076,0.250065,35.533066,tested_positive
0.53931,85.673237,58.915836,10.610975,37.415832,27.739956,0.521263,22.568803,tested_negative
10.91786,144.615858,81.879062,30.818872,127.98322,34.290457,0.417498,48.026312,tested_positive
9.272631,119.945153,0,0,0,0.304528,0.700317,29.851925,tested_positive
1.029872,99.898264,75.891071,16.489399,50.033382,27.027307,0.46068,21,tested_negative
0.747833,91.980902,68.398845,31.32065,0,35.416141,0.272958,24.161659,tested_negative
0,94,70,27,115,43.5,0.347,21,tested_negative
2.727701,89.378162,74,20.56691,73.21739,26.447432,0.64828,36.960047,tested_negative
4.936796,196.130576,72.010084,30.371017,0,41.558715,1.389643,30.546748,tested_positive
3.351306,78.16127,77.487661,0,0,31.218265,0.309459,41.111442,tested_negative
4,154,72,29,126,31.3,0.338,37,tested_negative
3.728663,167.375008,82.858023,37.780522,212.395918,35.290777,0.364563,29.191412,tested_positive
1.065188,181.168888,74.63037,40.648048,296.317701,38.424499,1.255649,38.494766,tested_positive
3.618721,130.541768,68.685495,21.926815,409.023033,24.217638,0.344031,21.849261,tested_negative
12,84,72,31,0,29.7,0.297,46,tested_positive
3,111,90,12,78,28.4,0.495,29,tested_negative
11.96683,103.761327,68.157427,52.480704,0,43.680806,0.169637,43.769918,tested_negative
1,91,54,25,100,25.2,0.234,23,tested_negative
2.528137,149.609968,78.4304,0,0,38.495446,0.770363,66.450557,tested_positive
1.138044,96.973494,75.198495,12.618648,68.313967,27.271421,0.64969,23.535461,tested_negative
9,170,74,31,0,44,0.403,43,tested_positive
2,82,52,22,115,28.5,1.699,25,tested_negative
4.737443,125.806237,81.278706,0,0,34.729971,0.847325,30.948777,tested_positive
7,83,78,26,71,29.3,0.767,36,tested_negative
3,128,72,25,190,32.4,0.549,27,tested_positive
3.678791,128.983419,66.450885,22.849462,119.580272,27.993793,0.250981,39.772209,tested_positive
3.471736,120.888831,73.538388,35.103188,109.978563,38.979614,0.234025,29.971695,tested_negative
4.936487,84.265536,78.10619,19.015346,0,28.408917,0.283868,34.527653,tested_negative
2.793635,134.439957,70,0,0,29.322089,1.121736,22.692585,tested_positive
0.578073,92.655302,82.547054,38.212557,75.897129,40.364588,0.443763,33.270287,tested_negative
3,100,68,23,81,31.6,0.949,28,tested_negative
2,110,74,29,125,32.4,0.698,27,tested_negative
1,111,62,13,182,24,0.138,23,tested_negative
1,115,70,30,96,34.6,0.529,32,tested_positive
8,114.926269,75.110606,0,0,24.334987,0.551012,62.125364,tested_negative
9.728581,164.745595,74.469987,7.197801,0,32.716204,0.616195,33.022953,tested_positive
8.060185,143.166987,81.533634,29.810773,129.667386,30.15964,0.511247,49.74094,tested_positive
1,153,82,42,485,40.6,0.687,23,tested_negative
2.664201,163.258272,59.281298,38.593681,0,39.436568,0.748623,24.692078,tested_positive
5,88,66,21,23,24.4,0.342,30,tested_negative
7,159,66,0,0,30.4,0.383,36,tested_positive
7.521157,126.977931,0,0,0,30.732334,0.24706,35.345796,tested_positive
3,99,54,19,86,25.6,0.154,24,tested_negative
1,157,72,21,168,25.6,0.123,24,tested_negative
1,97,68,21,0,27.2,1.095,22,tested_negative
1.128575,122.647249,56.076081,13.096017,105.320854,23.133018,0.506408,21.831487,tested_negative
3.015151,112.028657,70.593371,28,0,26.20604,0.3398,24.259757,tested_negative
1,122,90,51,220,49.7,0.325,31,tested_positive
4,111,72,47,207,37.1,1.39,56,tested_positive
4.21946,161.947583,74.63967,0,0,36.651616,0.556517,33.473141,tested_positive
0.442446,108.406958,67.9013,30,90.802338,36.408258,0.59691,30.624236,tested_positive
6.141957,127.661508,74.934552,0,0,33.841199,0.30513,51.166962,tested_positive
7.612915,151.242804,81.21582,0,0,28.207894,0.186643,50.696095,tested_positive
13,76,60,0,0,32.8,0.18,41,tested_negative
6,87,80,0,0,23.2,0.084,32,tested_negative
1,96,64,27,87,33.2,0.289,21,tested_negative
6.066534,123.578342,70.779584,33.181323,229.19618,31.197241,0.215195,36.397781,tested_negative
0.653404,188.399346,69.865138,36.25256,276.856067,40.346251,0.697356,25.911405,tested_positive
3,81,86,16,66,27.5,0.306,22,tested_negative
2.46766,151.093295,70,33.241487,339.852936,31.819589,0.340605,34.69398,tested_positive
4.790338,74.259709,68.77878,36.370765,54.72057,34.263578,0.568124,37.99434,tested_negative
4.477785,87.518861,79.045285,31.971782,82.258537,40.171887,1.110978,29.207253,tested_positive
6,134,80,37,370,46.2,0.238,46,tested_positive
6,85,78,0,0,31.2,0.382,42,tested_negative
7,112.508139,69.964524,0,0,29.075441,0.282487,32.520849,tested_positive
9.664611,111.774915,81.783268,25.283779,0,27.648103,0.974219,42.375961,tested_positive
1.744272,162.219152,67.579101,41.963793,547.955131,42.230087,0.577072,26.838703,tested_positive
1,90.879503,60.337169,18,58.92911,24.737551,0.881873,22.17226,tested_negative
4,94,65,22,0,24.7,0.148,21,tested_negative
10,108,66,0,0,32.4,0.272,42,tested_positive
3.807759,184.8162,76.221348,37.31165,303.864249,38.300685,1.066157,22.850526,tested_positive
3.850062,112.916505,61.236327,28.909365,0,30.672303,0.471871,28.240086,tested_positive
1,99,72,30,18,38.6,0.412,21,tested_negative
0,78,88,29,40,36.9,0.434,21,tested_negative
9.515716,135.475799,92.472223,0,0,39.125083,0.602276,42.393059,tested_positive
5.963583,119.142001,0,0,0,33.114274,0.222664,39.731526,tested_negative
4.32023,159.871365,83.424488,3.224259,0,32.018804,0.816253,31.395126,tested_positive
3,87,60,18,0,21.8,0.444,21,tested_negative
9.716427,160.914393,89.404792,28.335551,22.469938,28.63859,0.733292,34.30883,tested_positive
5.426291,186.872366,83.326276,24.811945,202.744701,43.308996,0.94224,51.25603,tested_positive
6,111,64,39,0,34.2,0.26,24,tested_negative
4,103,60,33,192,24,0.966,33,tested_negative
5,86,68,28,71,30.2,0.364,24,tested_negative
6.607818,155.923942,68.890786,37.356125,589.823897,31.432942,0.6964,30.127597,tested_positive
1,95,74,21,73,25.9,0.673,36,tested_negative
6.631397,111.826906,75.792185,0,0,27.269313,0.388498,57.993615,tested_negative
1.813046,94.042689,54,14.950851,92.625445,25.853397,0.599184,22.492899,tested_negative
0.246893,116.772862,79.982377,0,0,36.296982,0.618804,22.805352,tested_positive
0,132,78,0,0,32.4,0.393,21,tested_negative
8,196,76,29,280,37.5,0.605,57,tested_positive
4.261532,109,62.181719,42.473018,110.188046,34.954137,0.713847,25.126146,tested_positive
4,127.862537,68.745656,0,0,34.48282,0.304735,24.044326,tested_negative
4,154,62,31,284,32.8,0.237,23,tested_negative
3,88,58,11,54,24.8,0.267,22,tested_negative
2,103.960221,56.986336,29.473152,99.155451,37.791833,0.408208,24.376571,tested_negative
2.12995,76.740018,80.990653,43.377747,43.783501,34.760774,0.197199,30.161194,tested_negative
9.910323,149.86259,81.410093,44.005919,229.806486,37.957863,0.772643,46.642786,tested_positive
5.927134,104.027258,59.412787,22.387937,53.535701,28.888933,0.444948,23.203783,tested_negative
3.54289,148.126503,76.85987,44.040876,238.76502,31.790351,0.959677,41.019304,tested_positive
3.02021,124.038663,0,0,0,12.368243,0.668402,27.933318,tested_positive
5,115.55933,69.142468,0,0,25.842996,0.270607,30,tested_negative
1.866546,110.537901,81.199139,34.917534,0,29.178105,0.707069,31.352515,tested_positive
8.176323,161.077203,87.013276,0,0,30.4,0.216289,47.930342,tested_positive
0,124,56,13,105,21.8,0.452,21,tested_negative
8,120,0,0,0,30,0.183,38,tested_positive
6.16494,143.73999,85.974443,29.64463,477.104587,32.871225,0.175663,27.863928,tested_positive
0.657869,178.429926,0,0,0,39.777328,0.622514,33.454338,tested_positive
1,87,67.978032,36.552718,75.649531,37.544854,0.43912,22.21441,tested_negative
6.825658,160.182459,64.338067,0,0,31.917334,0.379298,37.176155,tested_positive
0,117,66,31,188,30.8,0.493,22,tested_negative
5.677329,89.397441,0,0.300364,0,29.765688,0.64147,27.565084,tested_negative
2,91.344995,55.236811,0,0,27.589814,0.474004,22,tested_negative
0,141,0,0,0,42.4,0.205,29,tested_positive
7.023646,106.301361,82.450943,9.34403,233.322753,38.984545,0.746503,37.754003,tested_positive
5,189,64,33,325,31.2,0.583,29,tested_positive
10,161,68,23,132,25.5,0.326,47,tested_positive
1.765413,107.927896,61.676039,31.010778,0,27.829261,0.404169,28.883805,tested_positive
0.946836,110.925113,85.50107,30.396964,0,41.545402,0.906124,44.497957,tested_positive
1.998583,73.03427,64.426899,30.185115,57.868307,29.423404,0.759424,24.781518,tested_negative
4,121.889556,68,0,0,34.068207,0.419201,29.915291,tested_negative
2,101,58,35,90,21.8,0.155,22,tested_negative
3,90,78,0,0,42.7,0.559,21,tested_negative
3.953585,147.852013,92.8201,42.155023,0,49.747971,0.340776,30.447762,tested_positive
2.521798,116.245847,78.469008,0,0,32.85654,0.42576,26.712986,tested_positive
3,181.303685,67.831813,22,198.305078,32.946567,0.551304,36,tested_positive
1.560428,175.957694,62.18792,32.550944,0,40.606197,0.56385,26.791082,tested_positive
3.645251,117.674445,72,0,0,34.882437,0.263435,48.84529,tested_positive
7,100,0,0,0,30,0.484,32,tested_positive
5,168,64,0,0,32.9,0.135,41,tested_positive
1.877372,167.783333,72.056181,21.211799,138.419882,30.618084,0.284804,27.466601,tested_positive
2.245582,155.484743,83.92394,35.192359,525.53789,39.395137,0.50902,30.880158,tested_negative
10.490969,120.021227,78,10.147905,0,25.186526,0.381876,63.674491,tested_negative
0,138,60,35,167,34.6,0.534,21,tested_positive
2,119.844661,55.384,31.835009,165,38.909685,0.453805,22.224796,tested_negative
3,160.595904,67.246066,36.517902,227.044348,31.911958,0.484942,29.249737,tested_positive
5.777115,180.730276,74.624193,29.76629,148.725076,32.761556,0.403834,52.704518,tested_positive
5.546478,129.029423,0,0,0,26.552992,0.292504,28.967781,tested_positive
0.84603,103.598967,90.747945,29.168367,54.756114,37.223799,0.631251,28.573742,tested_positive
13,106,70,0,0,34.2,0.251,52,tested_negative
4,123,80,15,176,32,0.443,34,tested_negative
0.708662,102.529058,64.309128,23.210136,84.802911,33.499953,0.76225,27.96468,tested_positive
2,125,60,20,140,33.8,0.088,31,tested_negative
3.060534,168.20132,78.372397,52.409172,4.908746,53.434571,1.196567,30.067048,tested_positive
3,132,80,0,0,34.4,0.402,44,tested_positive
0,129.154637,0,0,0,37.533558,0.262119,25.346112,tested_positive
2,105,75,0,0,23.3,0.56,53,tested_negative
2,88,58,26,16,28.4,0.766,22,tested_negative
0.846291,107.619577,93.447175,0,0,32.492283,0.239055,45.630273,tested_negative
2,174,88,37,120,44.5,0.646,24,tested_positive
12,121,78,17,0,26.5,0.259,62,tested_negative
5.428087,104.902428,82.503712,36.17379,0,36.587681,0.644585,30.680801,tested_negative
9.487255,148.450075,75.967532,24.914189,116.204269,22.221047,0.279697,51.946579,tested_negative
1.875721,190.351507,69.637951,33.841761,0,38.313973,0.489315,25,tested_positive
1.915149,195.922367,79.62801,41.528037,613.139554,37.523233,1.025269,25.305648,tested_negative
8.639302,60.441392,79.423028,27.156868,0,32.688809,0.192595,41.838515,tested_negative
7.285511,106.054597,77.995893,37.963517,115.070108,28.592096,0.138391,27.905325,tested_positive
3,84,68,30,106,31.9,0.591,25,tested_negative
7.911595,130.163619,0,10.69419,0,42.203632,0.347359,38.110107,tested_positive
9,130,70,0,0,34.2,0.652,45,tested_positive
3.629707,90.297624,78.698693,0,0,42.610068,0.238986,27.677103,tested_negative
0.204939,141.926726,59.223995,29.932572,133.452229,38.268841,0.425885,24.984755,tested_positive
0,73,0,0,0,21.1,0.342,25,tested_negative
1.260868,169.732195,72.214978,24.272186,135.667073,26.607764,0.335221,32.424847,tested_positive
2.109112,197.12849,72.32644,31.758149,0,34.985721,1.008034,23.721066,tested_positive
5.673166,124,72.930704,0,0,33.077438,0.331303,36.804611,tested_positive
1,82.039697,71.499507,30.49311,0,31.867615,0.363419,22.178451,tested_negative
1,149,68,29,127,29.3,0.349,42,tested_positive
2.924644,98.084948,64.557464,18.895218,74.084202,23.043127,0.354132,22.289789,tested_negative
8.438927,131.991584,76.058624,0,0,34.261339,0.6191,44.642781,tested_positive
3,99,80,11,64,19.3,0.284,30,tested_negative
3.728077,92.693737,60.248615,29.367998,0,33.22804,0.244845,26.249284,tested_negative
4,91,70,32,88,33.1,0.446,22,tested_negative
1,116,78,29,180,36.1,0.496,25,tested_negative
1.154233,96.803677,72.419242,12.682273,46.723435,19.608296,0.275624,26.211566,tested_negative
3.877979,146.737401,74.309023,23.276462,307.880845,40.891074,0.948419,27.799678,tested_negative
3.051757,79.727974,0,0,0,27.552514,0.469744,29.389993,tested_negative
8.888316,131.888391,70.02736,0,0,33.177165,0.485523,41.945028,tested_positive
6.33515,129.289338,75.297975,0,0,33.994079,0.287466,52.744128,tested_positive
1.32022,124.269382,70.877326,30.588765,180.306346,40.63668,0.73235,32.237704,tested_positive
4.318793,116.540927,78.349916,28.26581,179.879102,33.747406,0.500449,28.794602,tested_positive
3.689987,122,75.714896,0,0,30.760766,0.257099,40.048848,tested_negative
6.089466,147,76.334785,0,0,32.791457,0.216743,48.38523,tested_positive
2.893441,167.259006,71.158673,16.266358,164.694522,25.932986,0.380552,33,tested_positive
3,170,64,37,225,34.5,0.356,30,tested_positive
3,187,70,22,200,36.4,0.408,36,tested_positive
8.334123,110.692807,75.432675,30.236869,0,35.746234,0.98909,41.9794,tested_positive
1.71475,125.416408,57.12965,20.817307,141.844478,29.117803,0.322213,25.795543,tested_negative
6,92,62,32,126,32,0.085,46,tested_negative
6.750702,149.197812,69.900962,29,126.906186,34.54918,0.476716,43.246594,tested_positive
2.615946,106.424304,65.361555,18.037192,72.47713,25.068671,0.86242,27.923583,tested_positive
1,79,75,30,0,32,0.396,22,tested_negative
3.298164,117,60.177138,23.450092,110.474404,33.645072,0.421833,26.968963,tested_negative
1.588654,85.608868,61.483644,22.203932,45.996717,24.906546,0.357001,25.519179,tested_negative
2.891815,107.596838,62.481492,19.850298,0,26.212303,0.180513,24.569017,tested_negative
6.291653,193.411378,74.064011,94.565027,0,34.715452,0.573758,60.362687,tested_positive
7.896399,123.328346,80.92376,30.438083,0,28.018515,1.14138,49.792743,tested_positive
0,162,76,36,0,49.6,0.364,26,tested_positive
9,72,78,25,0,31.6,0.28,38,tested_negative
6.415913,109,69.424713,40.332723,108.205847,28.824277,0.650787,27.156035,tested_positive
3,113,50,10,85,29.5,0.626,25,tested_negative
1,199,76,43,0,42.9,1.394,22,tested_positive
0,134,58,20,291,26.4,0.352,21,tested_negative
7.8101,137.391346,99.566778,30.254899,144.601828,33.290879,0.236379,46.254818,tested_positive
7,181,84,21,192,35.9,0.586,51,tested_positive
1,172.065689,72.094321,0,0,38.547727,0.631272,35.019797,tested_positive
0.509609,196.457388,67.585829,33.043264,260.290936,36.62946,0.860581,28.32118,tested_positive
6.23052,114.445331,74.234391,15.679385,108.380718,25.233543,0.283121,28.219161,tested_negative
7.664842,124.987061,0,0,0,30,0.621267,28.155349,tested_positive
4.889589,136.485387,61.24139,34.788682,140.128322,28.614392,0.788204,23.777391,tested_negative
2,128,78,37,182,43.3,1.224,31,tested_positive
4.775945,130.94391,68.494491,24.076917,129.44525,28.366182,0.462497,28.923891,tested_positive
6,102,90,39,0,35.7,0.674,28,tested_negative
5.873228,156.039163,87.882328,36.225223,478.438961,36.737683,0.392399,28.088669,tested_positive
1.777511,94.208698,64.513547,18.374848,79.559971,23.671327,0.427683,21,tested_negative
1.59584,98.419748,63.617601,16.893402,146.016599,34.057819,0.457037,21.844991,tested_negative
1,80,55,0,0,19.1,0.258,21,tested_negative
4,128,70,0,0,34.3,0.303,24,tested_negative
6.128717,132.297243,81.527744,0,0,38.839332,0.561049,40.708235,tested_negative
12.365058,152.830516,87.848468,30.550252,10.177421,29.782373,0.809398,39.598755,tested_positive
1.174822,130.57835,70.123186,0,0,32.612051,0.315299,22.537223,tested_negative
0.336027,113.415154,71.50313,17.805695,0,29.635795,0.765674,21,tested_negative
9.122318,91.013204,70.642652,3.07253,0,23.646611,0.225884,57.958523,tested_negative
5.764524,104.758846,75.84757,0,0,28.111741,0.235411,53.115603,tested_negative
3.800695,177.466033,70.017584,27.088901,148.008645,25.548989,0.435456,52.404131,tested_positive
1.866318,180.364986,59.554249,27.630263,191.150784,33.657244,0.330426,36.332815,tested_positive
0,105,68,22,0,20,0.236,22,tested_negative
0.979098,178.200998,83.195242,45.259982,469.505268,40.091779,1.877038,25.306826,tested_positive
2.728155,114.042153,85.728032,47.346978,207.080422,46.772174,0.428004,34.561571,tested_positive
0.010726,126.739519,54.730622,20.908732,176.216655,28.684851,1.373555,30.408357,tested_positive
0.271832,126.21691,82.580165,27.420929,214.002984,32.443137,0.52969,24.859801,tested_negative
6.469102,175.193344,81.15657,37.512155,321.553984,31.212412,0.784039,39.083002,tested_positive
4,136,70,0,0,31.2,1.182,22,tested_positive
9.454495,164.20036,85.98113,42.871454,324.614151,38.238235,0.619795,52.38211,tested_positive
4.136169,122.865296,63.102958,0,0,29.295949,0.299897,34.7473,tested_positive
2,81,72,15,76,30.1,0.547,25,tested_negative
2,96,68,13,49,21.1,0.647,26,tested_negative
7,136,74,26,135,26,0.647,51,tested_negative
0,105,90,0,0,29.6,0.197,46,tested_negative
7,102,74,40,105,37.2,0.204,45,tested_negative
9.391345,155.428933,82.852313,28,153.715512,33.347896,1.191212,42.531543,tested_positive
0.292723,114.704503,0,0,0,35.461173,0.365955,27.27366,tested_positive
1.920998,142.770429,60.086583,27.626388,131.667471,34.981369,0.42747,24.390295,tested_positive
10,115,0,0,0,0,0.261,30,tested_positive
2.812496,132.182205,60.792359,28.785496,0,34.072763,0.488044,21.946445,tested_negative
2.806592,117.380358,44.049855,9.063051,0,23.820421,0.247483,24.964833,tested_negative
2.367743,152.1581,60.254309,33,135,33.250849,0.40342,24.829327,tested_positive
2,74,0,0,0,0,0.102,22,tested_negative
0,99,0,0,0,25,0.253,22,tested_negative
6.814478,115.946985,55.039966,0,0,33.394119,0.372362,29.644497,tested_positive
7,194,68,28,0,35.9,0.745,41,tested_positive
0,120,74,18,63,30.5,0.285,26,tested_negative
5,116,74,0,0,25.6,0.201,30,tested_negative
9.737257,126.974126,72.241462,28.07534,120.721605,30.086185,0.363284,33.82133,tested_negative
0,128.535193,71.50071,42.652197,247.325884,43.373111,0.414466,24.158797,tested_positive
1.600209,111.98594,0,0,0,32.398043,0.182908,28.30798,tested_positive
5,144.615134,78.417688,0,0,29.917136,0.205886,65.039433,tested_negative
5.419648,156.24043,73.438546,25.666509,178.217735,26.046419,0.423746,32.932469,tested_negative
7.952627,180.220241,72.41464,34.435647,300.951534,35.470412,0.414636,53.475627,tested_positive
1,168,88,29,0,35,0.905,52,tested_positive
3,139,54,0,0,25.6,0.402,22,tested_positive
1,144,82,46,180,46.1,0.335,46,tested_positive
7.041021,153.667493,66,0,0,32.335631,0.213969,37.6031,tested_positive
1,119,54,13,50,22.3,0.205,24,tested_negative
0,97.621473,76.641872,0,0,35.02807,0.212844,26.536829,tested_negative
2.667299,108.574814,46.901353,13.158897,0,23.561763,0.179077,28.668473,tested_negative
5.597817,165.489038,89.662761,38.302386,218.887275,38.007805,0.406719,36.137417,tested_positive
0.147827,81.675463,83.412573,28.359563,34.921171,35.44516,0.179349,21.658004,tested_negative
7,124,70,33,215,25.5,0.161,37,tested_negative
0,125,68,0,0,24.7,0.206,21,tested_negative
6.846444,109,72.516633,39.988308,104.589995,29.761985,0.760988,30.383841,tested_positive
6.834826,135.740374,87.450889,36.01822,115.330879,36.349353,0.924285,40.956912,tested_positive
1,143,84,23,310,42.4,1.076,22,tested_negative
3,83,58,31,18,34.3,0.336,25,tested_negative
9,122,56,0,0,33.3,1.114,33,tested_positive
0.725935,131.404237,82.636616,0,0,31.666999,0.49875,33.463018,tested_positive
6,151,62,31,120,35.5,0.692,28,tested_negative
1.76646,170.005407,80.978612,37.952143,105.100143,52.173148,0.682656,24.855657,tested_positive
2.074488,142.073286,58,32.058259,128.147451,27.323565,0.642461,24.20161,tested_negative
0,84,82,31,125,38.2,0.233,23,tested_negative
0.256976,118.234476,59.971863,11.538948,279.858972,26.214395,0.60402,21.74412,tested_negative
2,142,82,18,64,24.7,0.761,21,tested_negative
4.067678,115.783431,92,0,0,36.672161,0.244605,33.802783,tested_negative
5.298958,188.494561,63.87057,32.982344,523.089412,31.220155,0.373819,50.312125,tested_positive
3.857562,154.173862,72.465537,0,0,38.157411,0.247211,30.427408,tested_positive
2.478222,169.558099,73.374786,31.685483,143.469186,31.669978,0.287509,27.99735,tested_positive
4,146,92,0,0,31.2,0.539,61,tested_positive
7,129,68,49,125,38.5,0.439,43,tested_positive
0,136.46318,0,0,0,43.097987,0.255304,26.349143,tested_positive
10,92,62,0,0,25.9,0.167,31,tested_negative
5.125761,158.181132,77.708879,0,0,29.576853,0.255675,65.658375,tested_negative
7.365247,152.873828,79.87686,36.058233,0,34.580147,0.337227,39.196369,tested_positive
1.558571,109.431407,58.141518,25.078377,179.88495,28.726356,0.284608,22.412756,tested_negative
5,77,82,41,42,35.8,0.156,35,tested_negative
6.880328,159.948286,108.471248,0,0,41.778169,0.18035,46.272062,tested_positive
8.867397,163.507062,86.010943,0,0,30.4,0.246189,48.558557,tested_positive
2,83,66,23,50,32.2,0.497,22,tested_negative
1,121,78,39,74,39,0.261,28,tested_negative
4.511326,174.160784,74.016569,0,0,38.117444,0.32308,39.258647,tested_positive
9.326564,162.760828,100.252651,0,0,36.829079,0.27104,44.787028,tested_positive
9,156,86,0,0,24.8,0.23,53,tested_positive
2,112,68,22,94,34.1,0.315,26,tested_negative
1.072248,134.555794,74.262532,28.530589,200.740471,36.850555,0.412103,24.888111,tested_negative
6,103,66,0,0,24.3,0.249,29,tested_negative
3,163,70,18,105,31.6,0.268,28,tested_positive
7,81,78,40,48,46.7,0.261,42,tested_negative
2,122,70,27,0,36.8,0.34,27,tested_negative
6,125,78,31,0,27.6,0.565,49,tested_positive
6,166,74,0,0,26.6,0.304,66,tested_negative
1,0,68,35,0,32,0.389,22,tested_negative
3.03025,151.749209,85.180215,24.033817,475.654723,35.412603,0.203158,42.886075,tested_positive
1.005854,142.321633,78.732732,19.411667,62.242928,25.72936,0.263122,21,tested_negative
9,145,80,46,130,37.9,0.637,40,tested_positive
1,90,68,8,0,24.5,1.138,36,tested_negative
7.859429,132.183739,73.830811,0,0,33.921628,0.286392,39.374575,tested_positive
2,114.295045,66.864003,22,0,30.176429,0.352531,23.11284,tested_negative
9.025993,88.666582,85.597174,45.742254,54,35.718417,0.376728,32.115742,tested_negative
2,86.357637,69.192672,19.467318,0,27.357611,0.273864,23.931764,tested_negative
1.179298,129,82.099663,0,0,29.188639,0.512793,28.596266,tested_negative
12.634313,79.007099,60.838234,0,0,31.392083,0.279226,37.198537,tested_negative
3.805566,171.740894,83.632084,19.357982,165.13489,30.00289,0.691764,51.519723,tested_positive
5,144,82,26,285,32,0.452,58,tested_positive
2,101,58,17,265,24.2,0.614,23,tested_negative
5,136,84,41,88,35,0.286,35,tested_positive
6,117,96,0,0,28.7,0.157,30,tested_negative
0,126,84,29,215,30.7,0.52,24,tested_negative
0,117,0,0,0,33.8,0.932,44,tested_negative
6,124,72,0,0,27.6,0.368,29,tested_positive
4,129,60,12,231,27.5,0.527,31,tested_negative
10.86648,160.529624,78.335073,42.627872,121.835962,38.63777,0.770437,45.369094,tested_positive
4,95,60,32,0,35.4,0.284,28,tested_negative
11.13505,127.194651,70,20.785963,118.525445,34.491756,0.599151,43.817425,tested_positive
7,184,84,33,0,35.5,0.355,41,tested_positive
3.228077,76.015775,58.487364,23.233765,53.141902,28.864262,0.347702,29.19669,tested_negative
0.798314,124.365505,68.462334,19.217752,108.021404,24.086236,0.360125,21.135584,tested_negative
3.086818,172.001507,73.840406,15.749432,144.808958,28.82533,0.374269,33,tested_positive
4.152828,93.709687,0,0,0,28.886804,0.480473,23.773099,tested_negative
8.522408,163.385856,78.233973,0,0,27.246381,0.189912,59.807628,tested_negative
1,101.06559,58,3.861201,0,25.352681,0.517833,21,tested_negative
6.070066,120.238914,79.722646,29.687665,182.78463,32.611283,0.301565,28.28607,tested_positive
3,173,84,33,474,35.7,0.258,22,tested_positive
6.673876,100.498675,66.709375,0,0,31.260062,0.924803,32.280841,tested_positive
5.541184,182.70803,86.368364,30.758871,0,35.13741,0.64416,50.833968,tested_positive
8,84,74,31,0,38.3,0.457,39,tested_negative
3.666939,17.278346,49.996962,14.243324,0,24.915644,0.392308,35.692183,tested_negative
6.680627,138.530792,75.515304,33.351321,580.007295,29.312805,0.326027,52.049228,tested_positive
1.814603,82.806744,65.274338,16.901007,75.183577,34.193093,0.546605,24.030433,tested_negative
1,107,68,19,0,26.5,0.165,24,tested_negative
5,117,92,0,0,34.1,0.337,38,tested_negative
0.406871,184.674754,66.056565,61.753197,0,38.554589,1.676162,54.889268,tested_positive
7.388378,117.155659,86.686762,0,0,39.102004,0.223559,23.699833,tested_positive
0,161.926803,81.452264,61.18824,3.812085,52.635454,0.577183,23.676022,tested_positive
2,130,96,0,0,22.6,0.268,21,tested_negative
5,139,64,35,140,28.6,0.411,26,tested_negative
7,133.859109,77.44955,18.504177,151.446543,32.01138,0.281434,42.330714,tested_negative
1,99,58,10,0,25.4,0.551,21,tested_negative
2,99,0,0,0,22.2,0.108,23,tested_negative
1.679588,195.065076,67.948077,30.98735,701.843318,30.370828,0.194581,54.350484,tested_positive
4.815246,138.688353,71.570989,35,164.530814,31.884996,0.510358,22.557712,tested_positive
9,124,70,33,402,35.4,0.282,34,tested_negative
6.830871,140.604904,67.032588,25.55929,389.999786,35.000838,0.292403,30.692521,tested_negative
0.676473,136.532514,57.09052,35.114903,185.508928,38.675152,0.591365,23.176903,tested_positive
1,126,56,29,152,28.7,0.801,21,tested_negative
8.249546,88.17201,69.439664,37.991895,0,38.07021,0.401121,36.659852,tested_positive
0.605491,118.849856,70,26.778174,0,27.45448,0.207495,36.884555,tested_positive
4.913036,143.561814,67.437408,0,0,37.138577,0.174385,35.317806,tested_positive
0.569956,133.144774,63.044108,18.228715,140.757347,24.902358,0.104994,28.971955,tested_negative
3.278467,140.872234,0,0,0,32.074162,0.377172,23.59837,tested_positive
8.593716,120.009034,58.219757,0,0,28.107278,0.805848,33.105097,tested_positive
8.892669,189.425665,80.798746,11.840974,0,23.791389,0.637958,55.515159,tested_positive
4.720584,85.286879,83.405828,23.964717,11.619056,34.688321,0.577332,30.526546,tested_positive
3,112,74,30,0,31.6,0.197,25,tested_positive
7.238455,109,75.881571,42.128431,111.961151,31.413696,0.663718,28.491725,tested_positive
2.587218,89.007472,63.286301,0,0,23.082187,0.42032,24.290298,tested_negative
0,180,66,39,0,42,1.893,25,tested_positive
5.422245,85.450694,84.765581,30.814482,0,36.527525,0.32835,40.279418,tested_negative
4.546695,124.835062,76.169323,29.515166,206.031505,35.628828,0.576178,30.710463,tested_positive
2,102,86,36,120,45.5,0.127,23,tested_positive
4,144,58,28,140,29.5,0.287,37,tested_negative
2.649029,82.859339,58.743764,25.832272,1.921666,28.281745,0.305159,25,tested_negative
0.03576,85.04646,70.476937,32,0,35.914213,0.24956,27.989303,tested_negative
7.999481,129.988219,74.456341,26.997145,131.466533,26.089888,0.626475,41.907572,tested_negative
5.876122,158.718068,84.929491,39.554219,335.636641,34.877537,0.505649,33.087158,tested_positive
3.680958,121.357747,75.341445,40.893559,94.489337,35.070877,0.331526,39.546487,tested_negative
3.929992,126.323801,84.72262,0,0,32.863917,0.465707,32.823715,tested_positive
2,144,58,33,135,31.6,0.422,25,tested_positive
0,147,85,54,0,42.8,0.375,24,tested_negative
6,96,0,0,0,23.7,0.19,28,tested_negative
5.461007,117.325647,84.843876,24.158163,149.153383,35.239005,0.451493,43.446565,tested_positive
8,155,62,26,495,34,0.543,46,tested_positive
3.804805,113.722213,74,29.687123,0,32.06393,0.258717,30.648854,tested_positive
4,197,70,39,744,36.7,2.329,31,tested_negative
4.316539,106.435361,66.660835,44.024277,75.288063,38.314504,0.361028,29.370422,tested_negative
0,113,76,0,0,33.3,0.278,23,tested_positive
5.247986,103.6031,52.426468,17.912836,123.566085,29.123469,0.632826,28.540677,tested_negative
10.729265,106.197764,80,0,0,24.345381,0.607751,38.721307,tested_negative
4.327311,123.551459,68.312641,0,0,31.663226,0.33909,33.064869,tested_positive
6.648093,118.258072,82.558927,0,0,27.195151,0.32545,65.848428,tested_negative
7.183254,185.527194,64.266273,0,0,27.476148,0.520236,31.149268,tested_positive
5.355164,104.749203,75.016406,41.333391,202.167286,34.415202,0.708175,30.030976,tested_positive
7,94,64,25,79,33.3,0.738,41,tested_negative
1,144,82,40,0,41.3,0.607,28,tested_negative
0,94,0,0,0,0,0.256,25,tested_negative
5.326908,109.969055,70.727959,37.207182,111.006348,31.080545,0.563766,31.718635,tested_positive
3,102,44,20,94,30.8,0.4,26,tested_negative
6,80,66,30,0,26.2,0.313,41,tested_negative
2.157741,91.810528,86.396682,47.46317,55.750932,38.43285,0.584323,28.589787,tested_negative
3,128,78,0,0,21.1,0.268,55,tested_negative
8.505907,149.403801,79.367022,35.354374,127.242033,35.435137,0.684106,40.441773,tested_positive
7.048797,196.517205,80.849009,0,0,35.603434,0.636037,40.431537,tested_positive
7.875502,121.744295,85.207013,0,0,28.773567,0.480785,22.733767,tested_positive
1.457158,90,60.431129,6.608924,0,23.535457,1.077788,32.050889,tested_negative
5.969196,105.587449,56.477986,21.975513,54.327117,30.110956,0.42512,23.940237,tested_negative
1,83,68,0,0,18.2,0.624,27,tested_negative
1.302568,75.976854,69.570062,0,0,21.525378,0.410133,25.035798,tested_negative
1.483892,96.195605,61.222604,17.627985,83.085316,21.852981,0.720952,21.568596,tested_negative
1,147,94,41,0,49.3,0.358,27,tested_positive
0.621669,134.785507,57.333245,36.339642,167,34.20396,0.691496,22.278529,tested_positive
9.602965,103.691622,57.738746,0,0,29.975487,0.183976,33.333315,tested_negative
9,168.904654,82.86888,28.61507,0,41.840658,0.693467,34.884659,tested_positive
2.480436,128,69.728934,21.372473,182.577888,30.798146,1.23942,26.373464,tested_positive
7,147,76,0,0,39.4,0.257,43,tested_positive
0,84,64,22,66,35.8,0.545,21,tested_negative
8,126,74,38,75,25.9,0.162,39,tested_negative
1,87,60,37,75,37.2,0.509,22,tested_negative
0.875173,121.496243,65.496483,30.871686,162.260652,35.094659,0.511866,30.555616,tested_positive
0,124,70,20,0,27.4,0.254,36,tested_positive
3,122,78,0,0,23,0.254,40,tested_negative
8.815767,131.974796,70.682993,0,0,34.050759,0.521722,44.021677,tested_positive
6.427132,161.782757,70.364359,20.49337,142.139863,24.557662,0.334145,40.651399,tested_positive
4.225404,110.8746,73.522755,24.393452,0,26.428873,0.405959,26.667811,tested_negative
6.548051,166.129211,76.607102,0,0,32.897413,0.142005,44.182038,tested_positive
5.087684,153.747794,67.466641,30.343467,125.653182,34.638198,0.584799,31.837839,tested_negative
0.515399,129,107.305828,46.990793,151.850472,42.541818,0.81925,27.207755,tested_positive
7.612007,149.29232,78.109256,29.275867,128.846302,35.434749,0.637331,49.074871,tested_positive
2,83,65,28,66,36.8,0.629,24,tested_negative
0,119.137841,79.454017,25.036024,60.940167,35.463539,0.191989,25.308417,tested_negative
3,142,80,15,0,32.4,0.2,63,tested_negative
0.73907,177.346871,88.858387,31.088432,92.381625,40.583693,0.436681,34.510872,tested_positive
3,80,82,31,70,34.2,1.292,27,tested_positive
1,81,74,41,57,46.3,1.096,32,tested_negative
2,90.202704,71.053438,19.349813,0,25.227788,1.677092,25.073864,tested_negative
2,141,58,34,128,25.4,0.699,24,tested_negative
1,87,68,34,77,37.6,0.401,24,tested_negative
7,152,88,44,0,50,0.337,36,tested_positive
3.540217,131.964908,81.676663,0,0,37.363262,0.565799,38.215191,tested_positive
1.364402,131.76362,81.427408,0,0,32.189444,0.586784,39.018598,tested_positive
7.713394,112.530333,69.019481,0,0,30.29358,0.749959,33.058003,tested_positive
6.295978,118.12327,95.431405,0,0,52.459712,0.223652,27.530992,tested_positive
2,126.809457,71.647729,36.248226,184.572983,36.322861,0.877205,30.473119,tested_positive
0.076208,120.801757,60.851679,27.59793,0,37.867386,0.32583,21.496767,tested_negative
8.270305,158.591278,76.396028,31.563513,0,41.865519,0.40345,44.635881,tested_positive
4.554893,123.327549,67.330976,0,0,28.994032,0.327018,31.569664,tested_positive
1,133,102,28,140,32.8,0.234,45,tested_positive
7.971894,103.800538,0,0,0,30,0.426666,34.372561,tested_positive
5.296505,134.971945,80.353847,0,0,32.860848,0.456232,44.538422,tested_positive
9.644226,138,78.258238,0,0,38.666627,0.303233,34.184961,tested_negative
15,136,70,32,110,37.1,0.153,43,tested_positive
3.37372,159.906839,88.818445,0,0,31.014293,0.445835,50.293136,tested_positive
1.206749,102.361339,79.423126,0,0,28.678708,0.260111,48.221386,tested_positive
4.937834,169.858198,74.652883,0,0,45.121825,0.426744,26.656608,tested_positive
3.041814,89.362931,61.400461,0,0,22.819839,0.168451,31.616851,tested_negative
4.686438,141.334996,84.403493,0,0,40.929845,0.678587,22.923294,tested_positive
8.094423,154.029052,82.043837,24.022298,0,32.399978,0.592563,41.528629,tested_positive
1.448953,110.30321,66.441654,21.144788,0,26.173979,0.178826,24,tested_negative
12,140,82,43,325,39.2,0.528,58,tested_positive
2,92.65974,77.639565,14.659511,63.114556,27.19166,0.53169,23.019044,tested_negative
2,110.023281,61.716547,0,0,30.689549,0.179586,22.695835,tested_negative
3.408504,150.850139,87.356919,39.449825,0,36.508346,0.519808,29.825022,tested_negative
1.442042,142.032011,75.406432,32.988503,189.715727,33.519141,0.569578,28.686815,tested_negative
1.328653,187.583271,94.874943,19.687283,0,32.802185,0.823848,41.51607,tested_positive
17,163,72,41,114,40.9,0.817,47,tested_positive
0,131.602161,0,0,0,42.105363,0.447757,25.938634,tested_positive
3,158,70,30,328,35.5,0.344,35,tested_positive
0,86,68,32,0,35.8,0.238,25,tested_negative
3.94694,107.22365,73.169761,45.275049,194.314172,35.233295,0.739143,47.872229,tested_positive
3,116,74,15,105,26.3,0.107,24,tested_negative
8.385859,162.991551,86,27.475834,155.522674,33.562972,1.184775,49.413801,tested_positive
5.614506,121.134759,70.125501,34.346432,211.923422,32.937544,0.759809,31.617094,tested_positive
2.30174,98.495322,59.017197,25.73087,91.49794,31.548968,0.50786,23.88631,tested_negative
0.253412,123.904498,107.852435,44.68711,120.799599,60.627036,0.219815,24.805028,tested_positive
6.760831,118.705424,63.125175,0,0,35.443499,0.452241,31.559928,tested_positive
1,100,72,12,70,25.3,0.658,28,tested_negative
8.015487,103.515343,94.05485,36.459015,0,44.710631,0.240066,44.236471,tested_positive
2.362216,147.569823,82.609279,23.081267,271.061697,35.572045,0.240016,24.101159,tested_negative
3.267018,129.940378,76.210649,20.016693,176.947519,32.543229,0.127845,22.459121,tested_negative
7.704191,104.749193,80.598468,39.983514,217.513441,39.995034,0.758555,34.864288,tested_positive
0.365864,130.740458,64.636136,39.251679,0,33.680084,0.200422,21.579979,tested_positive
2.111186,87.407263,58,14.976554,53.155307,27.74344,0.188214,24.251469,tested_negative
2,105.273741,58.92838,19.421204,161.417676,35.592921,0.426104,21.832816,tested_negative
1.63854,107.487619,58,37.344115,94,34.353755,0.228304,23.8998,tested_negative
4,111.071114,65.372036,0,0,30.267714,0.244215,24.537528,tested_negative
1.32191,115.645534,63.28647,34.250337,89.322496,6.40666,0.98384,21.705006,tested_negative
4.889525,135.774499,81.961206,39.08998,158.207727,32.676176,0.625568,26.923054,tested_positive
5.206978,188.640695,64.108667,34.669687,317.642828,36.297256,0.383685,39.559816,tested_positive
1.817962,108.116366,63.843217,32.886169,84.311582,35.640713,0.836241,25.218814,tested_positive
2.20056,72.576932,62,0,0,26.39612,0.395694,25.193868,tested_negative
2,90,60,0,0,23.5,0.191,25,tested_negative
6,137,61,0,0,24.2,0.151,55,tested_negative
5,93.973572,74.288005,24.354959,0,29.304488,0.986263,33.165178,tested_positive
9,123,70,44,94,33.1,0.374,40,tested_negative
0,180,90,26,90,36.5,0.314,35,tested_positive
6.978198,116.221907,0,0,0,5.902518,0.201252,30.204081,tested_negative
2.383186,186.68725,69.779931,36.971614,248.92115,36.059668,0.578856,29.589162,tested_positive
1.604475,102.993403,78.911574,0,0,33.867193,0.28631,45.794685,tested_positive
0.900705,114.069015,96.741542,40.517952,47.613676,36.288868,0.385046,32.709134,tested_positive
1,112,80,45,132,34.8,0.217,24,tested_negative
4,125,70,18,122,28.9,1.144,45,tested_positive
0,145,0,0,0,44.2,0.63,31,tested_positive
10.779469,131.886974,0,0,0,49.327816,0.301079,27.703221,tested_positive
1.29407,196.353728,75.154118,31.177878,276.921399,41.019647,0.604712,36.166282,tested_positive
4,112,78,40,0,39.4,0.236,38,tested_negative
0,137,70,38,0,33.2,0.17,22,tested_negative
9.596908,158.622846,74.217704,0,0,36.10067,0.68485,33.75102,tested_positive
5,122.761931,74.317825,0,0,32.562578,0.222874,38.751341,tested_positive
3.049538,96.262793,0,0,0,24.924557,0.19138,30.377117,tested_negative
3.873627,84.602845,83.340699,20.986667,55.821071,27.673712,0.197959,24.459283,tested_negative
3.238138,94.584163,61.531319,32.557971,202.070858,26.568844,0.685516,27.585739,tested_negative
0.046057,125.477442,71.222963,36.7348,168.619103,35.208589,0.253119,31.907577,tested_positive
4,110,92,0,0,37.6,0.191,30,tested_negative
0,179,50,36,159,37.8,0.455,22,tested_positive
